timestamp,action,sentiment_score,rsi_fast,rsi_slow,sma_fast,sma_slow,sl,tp,trailing_stop,delay_minutes,thought_process,reason_text,status,profit_loss,performance_score
2026-03-02 08:58:12,ซื้อ,0.5,76.22,69.37,5235.73,5199.93,5262.77,5394.85,2.0,0,"Thought Process: The analysis indicates a bullish trend for XAUUSD, but caution is warranted due to overbought conditions and potential bearish signals. The calculated Stop Loss (SL) and Take Profit (TP) based on the ATR are as follows:  - SL = 5328.81 - (2.0 * 33.02) = 5262.77 - TP = 5328.81 + (2.0 * 33.02) = 5394.85  Given the current market conditions, including the bullish trend and the potential for a breakout from the asymmetrical triangle, I recommend a cautious approach. The market is in a ""Quiet Zone,"" which suggests being selective with trades.",Action: ซื้อ Confidence: 75% Sentiment_Score: 0.5 SL: 5262.77 TP: 5394.85 Trailing_Stop: 2.0 Delay_Minutes: 0 Reason: ตลาดมีแนวโน้มขาขึ้น แต่ต้องระวังสัญญาณที่อาจทำให้เกิดการกลับตัว ควรพิจารณาซื้อในช่วงนี้เพื่อใช้ประโยชน์จากการเคลื่อนไหวของราคาในอนาคต,CLOSED,-18.75,-1.0
2026-03-02 13:09:20,ซื้อ,0.6,72.77,81.7,5280.47,5220.84,5312.91,5442.71,2.0,15,"Thought Process: The analysis indicates a bullish trend for XAUUSD, supported by the current market price of 5377.81 and the ATR of 32.45. The calculated Stop Loss (SL) and Take Profit (TP) based on the ATR are as follows:  - SL = 5377.81 - (2.0 * 32.45) = 5312.91  - TP = 5377.81 + (2.0 * 32.45) = 5442.71.   Given the current market conditions, including the bullish trend and the potential for a breakout from the asymmetrical triangle, I recommend a cautious approach. The market is in a ""Quiet Zone,"" which suggests being selective with trades.",Action: ซื้อ Confidence: 75% Sentiment_Score: 0.6 SL: 5312.91 TP: 5442.71 Trailing_Stop: 2.0 Delay_Minutes: 15 Reason: ตลาดมีแนวโน้มขาขึ้น แต่ต้องระวังสัญญาณที่อาจทำให้เกิดการกลับตัว ควรพิจารณาซื้อในช่วงนี้เพื่อใช้ประโยชน์จากการเคลื่อนไหวของราคาในอนาคต,CLOSED,-1.5,-0.75
2026-03-02 13:38:33,ซื้อ,0.6,72.83,81.74,5280.5,5220.87,5313.1,5443.78,2.0,15,"Thought Process: The analysis indicates a bullish trend for XAUUSD, supported by the current market price of 5378.44 and the ATR of 32.67. The calculated Stop Loss (SL) and Take Profit (TP) based on the ATR are as follows:  - SL = 5378.44 - (2.0 * 32.67) = 5313.10  - TP = 5378.44 + (2.0 * 32.67) = 5443.78.   Given the current market conditions, including the bullish trend and the potential for a breakout from the asymmetrical triangle, I recommend a cautious approach. The market is in a ""Quiet Zone,"" which suggests being selective with trades.",Action: ซื้อ Confidence: 75% Sentiment_Score: 0.6 SL: 5313.10 TP: 5443.78 Trailing_Stop: 2.0 Delay_Minutes: 15 Reason: ตลาดมีแนวโน้มขาขึ้น แต่ต้องระวังสัญญาณที่อาจทำให้เกิดการกลับตัว ควรพิจารณาซื้อในช่วงนี้เพื่อใช้ประโยชน์จากการเคลื่อนไหวของราคาในอนาคต,CLOSED,13.32,1.0
2026-03-02 14:02:48,ซื้อ,0.7,76.21,82.34,5291.5,5221.37,5326.53,5450.41,2.0,15,"Thought Process: The analysis indicates a bullish trend for XAUUSD, supported by the current market price of 5388.47 and the ATR of 30.97. The calculated Stop Loss (SL) and Take Profit (TP) based on the ATR are as follows:  - SL = 5388.47 - (2.0 * 30.97) = 5326.53  - TP = 5388.47 + (2.0 * 30.97) = 5450.41.   Given the current market conditions, including the bullish trend and the potential for a breakout from the asymmetrical triangle, I recommend a cautious approach. The market is currently in the London session, which is active and may provide better trading opportunities.",Action: ซื้อ Confidence: 80% Sentiment_Score: 0.7 SL: 5326.53 TP: 5450.41 Trailing_Stop: 2.0 Delay_Minutes: 15 Reason: ตลาดมีแนวโน้มขาขึ้นและมีโอกาสในการทำกำไรจากการเคลื่อนไหวของราคาในอนาคต แต่ต้องระวังสัญญาณที่อาจทำให้เกิดการกลับตัว ควรพิจารณาซื้อในช่วงนี้เพื่อใช้ประโยชน์จากการเคลื่อนไหวของราคาในอนาคต,CLOSED,80.29,1.0
2026-03-02 14:24:49,ซื้อ,0.7,78.11,83.75,5292.82,5222.69,5348.7,5481.18,2.0,15,"Thought Process: The current market price is 5414.94 with an ATR of 33.12, indicating a moderate level of volatility. The calculated Stop Loss (SL) and Take Profit (TP) based on the ATR are as follows:  - SL = 5414.94 - (2.0 * 33.12) = 5348.70  - TP = 5414.94 + (2.0 * 33.12) = 5481.18.   The market is currently in a bullish trend, supported by the Break of Structure (BOS) upwards and the Bullish PO3 pattern. However, the RSI is overbought, indicating potential caution. Given that we are in the London session, which is active, this is a favorable time for trading.   Considering the overall bullish sentiment and the potential for upward movement, I recommend a buy position while being mindful of the overbought conditions.",Action: ซื้อ Confidence: 80% Sentiment_Score: 0.7 SL: 5348.70 TP: 5481.18 Trailing_Stop: 2.0 Delay_Minutes: 15 Reason: ตลาดมีแนวโน้มขาขึ้นและมีสัญญาณที่ชัดเจนในการซื้อ แต่ต้องระวังสัญญาณที่อาจทำให้เกิดการกลับตัวในช่วงที่ RSI สูง,CLOSED,1.56,0.39
2026-03-02 15:37:13,ซื้อ,0.7,77.53,83.6,5303.81,5222.54,5345.81,5477.89,2.0,15,"Thought Process: The current market price is 5411.85 with an ATR of 33.02. Based on the baseline rules for Stop Loss (SL) and Take Profit (TP), we calculate as follows: - SL = 5411.85 - (2.0 * 33.02) = 5345.81 - TP = 5411.85 + (2.0 * 33.02) = 5477.89  Given the bullish indicators such as the Break of Structure (BOS) upwards, Bullish PO3, and the Asymmetrical Triangle Squeeze, the market sentiment is strongly bullish. However, the RSI is overbought, indicating potential caution. The current market session is active in London, which is favorable for trading.  Considering the overall bullish trend and the calculated SL and TP, I recommend a buy position while being mindful of the overbought conditions.",Action: ซื้อ Confidence: 80% Sentiment_Score: 0.7 SL: 5345.81 TP: 5477.89 Trailing_Stop: 2.0 Delay_Minutes: 15 Reason: ตลาดมีแนวโน้มขาขึ้นและมีสัญญาณที่ชัดเจนในการซื้อ แต่ต้องระวังสัญญาณที่อาจทำให้เกิดการกลับตัวในช่วงที่ RSI สูงเกินไป,CLOSED,-111.25,-1.0
2026-03-02 18:56:12,ซื้อ,0.6,68.1,78.73,5329.2,5230.41,5356.1,5447.27,2.0,30,"Thought Process: The analysis indicates a bullish trend for XAUUSD, supported by the current market price of 5378.93 and the ATR of 34.67. The calculated Stop Loss (SL) and Take Profit (TP) based on the ATR are as follows:   - SL = 5378.93 - (1.5 * 34.67) = 5356.10   - TP = 5378.93 + (2.0 * 34.67) = 5447.27.   Given the current market conditions, including the bullish trend and the potential for a breakout from the asymmetrical triangle, I recommend a cautious approach. The market is currently in a ""Quiet Zone,"" which suggests being selective with trades.",Action: ซื้อ   Confidence: 75%   Sentiment_Score: 0.6   SL: 5356.10   TP: 5447.27   Trailing_Stop: 2.0   Delay_Minutes: 30   Reason: ตลาดมีแนวโน้มขาขึ้น แต่ต้องระวังสัญญาณที่อาจทำให้เกิดการกลับตัว ควรพิจารณาซื้อในช่วงนี้เพื่อใช้ประโยชน์จากการเคลื่อนไหวของราคาในอนาคต,CLOSED,36.24,1.0
2026-03-02 19:53:21,ซื้อ,0.5,68.77,82.2,5337.19,5231.1,5370.1,5447.92,2.0,30,"Thought Process: The analysis indicates a bullish trend for XAUUSD, supported by the current market price of 5392.88 and the ATR of 34.52. The calculated Stop Loss (SL) and Take Profit (TP) based on the ATR are as follows:   - SL = 5392.88 - (1.5 * 34.52) = 5370.10   - TP = 5392.88 + (2.0 * 34.52) = 5447.92.   Given the current market conditions, including the bullish trend and the potential for a breakout from the asymmetrical triangle, I recommend a cautious approach. The market is currently in the New York session, which is active and favorable for trading.",Action: ซื้อ   Confidence: 80%   Sentiment_Score: 0.5   SL: 5370.10   TP: 5447.92   Trailing_Stop: 2.0   Delay_Minutes: 30   Reason: ตลาดมีแนวโน้มขาขึ้น แต่ต้องระวังสัญญาณที่อาจทำให้เกิดการกลับตัว ควรพิจารณาซื้อในช่วงนี้เพื่อใช้ประโยชน์จากการเคลื่อนไหวของราคาในอนาคต,CLOSED,34.32,1.0
2026-03-02 20:40:13,ซื้อ,0.6,52.94,82.55,5345.89,5231.41,5384.26,5456.31,2.0,30,"Thought Process: The analysis indicates a bullish trend for XAUUSD, supported by the current market price of 5398.95 and the ATR of 28.68. The calculated Stop Loss (SL) and Take Profit (TP) based on the ATR are as follows:   - SL = 5398.95 - (1.5 * 28.68) = 5384.26   - TP = 5398.95 + (2.0 * 28.68) = 5398.95 + 57.36 = 5456.31.   Given the current market conditions, including the bullish trend and the potential for a breakout from the asymmetrical triangle, I recommend a cautious approach. The market is currently in the New York session, which is active and may provide better trading opportunities.",Action: ซื้อ   Confidence: 80%   Sentiment_Score: 0.6   SL: 5384.26   TP: 5456.31   Trailing_Stop: 2.0   Delay_Minutes: 30   Reason: ตลาดมีแนวโน้มขาขึ้นและมีสัญญาณที่ชัดเจนในการซื้อ แต่ต้องระวังสัญญาณที่อาจทำให้เกิดการกลับตัวในช่วงที่ RSI สูงเกินไป,CLOSED,-54.13,-1.0
2026-03-02 21:33:16,ซื้อ,0.7,45.8,69.84,5350.32,5237.9,5311.34,5331.52,2.0,30,"Thought Process: The analysis indicates a bullish trend for XAUUSD, supported by the current market price of 5328.08 and the ATR of 31.72. The calculated Stop Loss (SL) and Take Profit (TP) based on the ATR are as follows:   - SL = 5328.08 - (1.5 * 31.72) = 5311.34   - TP = 5328.08 + (2.0 * 31.72) = 5331.52.   Given the current market conditions, including the bullish trend and the potential for a breakout from the asymmetrical triangle, I recommend a cautious approach. The market is currently in the New York session, which is active and may provide better trading opportunities.",Action: ซื้อ   Confidence: 75%   Sentiment_Score: 0.7   SL: 5311.34   TP: 5331.52   Trailing_Stop: 2.0   Delay_Minutes: 30   Reason: ตลาดมีแนวโน้มขาขึ้น แต่ต้องระวังสัญญาณที่อาจทำให้เกิดการกลับตัว ควรพิจารณาซื้อในช่วงนี้เพื่อใช้ประโยชน์จากการเคลื่อนไหวของราคาในอนาคต,CLOSED,-16.83,-1.0
2026-03-02 22:14:24,ซื้อ,0.6,50.07,69.28,5354.6,5237.76,5312.1,5387.51,2.0,30,"Thought Process: The analysis indicates a bullish trend for XAUUSD, supported by the current market price of 5325.23 and the ATR of 31.14. Based on the baseline rules for Stop Loss (SL) and Take Profit (TP), we calculate as follows:  - SL = 5325.23 - (1.5 * 31.14) = 5312.10  - TP = 5325.23 + (2.0 * 31.14) = 5387.51.   Given the bullish indicators such as the Bullish PO3 and the Asymmetrical Triangle Squeeze, the market sentiment is moderately bullish with a sentiment score of 0.6. The current market session is active in New York, which is favorable for trading. Therefore, I recommend a buy position while being mindful of potential volatility.",Action: ซื้อ Confidence: 80% Sentiment_Score: 0.6 SL: 5312.10 TP: 5387.51 Trailing_Stop: 2.0 Delay_Minutes: 30 Reason: ตลาดมีแนวโน้มขาขึ้นและมีสัญญาณที่ชัดเจนในการซื้อ แต่ต้องระวังสัญญาณที่อาจทำให้เกิดการกลับตัวในช่วงที่ RSI สูงเกินไป,CLOSED,36.66,1.0
2026-03-03 00:34:26,ซื้อ,0.5,39.29,67.67,5358.79,5237.33,5249.55,5383.75,3.0,30,"Thought Process: The current market price is 5316.65 with an ATR of 33.55, indicating moderate volatility. The market is in a bullish trend, supported by the presence of a Bullish PO3 pattern and an Asymmetrical Triangle breakout setup. However, the market is also in a ""Quiet Zone,"" which suggests low liquidity and potential erratic price movements.   Calculating the Stop Loss (SL) and Take Profit (TP) based on the baseline rules: - SL = 5316.65 - (2.0 * 33.55) = 5316.65 - 67.10 = 5249.55 - TP = 5316.65 + (2.0 * 33.55) = 5316.65 + 67.10 = 5383.75  Given the current bullish sentiment and the potential for upward movement, I recommend a BUY position. However, caution is warranted due to the mixed signals from the technical indicators and the low liquidity environment.",Action: ซื้อ Confidence: 75% Sentiment_Score: 0.5 SL: 5249.55 TP: 5383.75 Trailing_Stop: 3.0 Delay_Minutes: 30 Reason: ตลาดมีแนวโน้มขาขึ้นและมีสัญญาณที่ชัดเจนในการซื้อ แต่ต้องระวังสัญญาณที่อาจทำให้เกิดการกลับตัวในช่วงที่สภาพคล่องต่ำ,CLOSED,13.65,1.0
2026-03-03 02:22:26,ซื้อ,0.5,39.89,70.84,5356.93,5243.68,5254.91,5389.47,3.0,30,"Thought Process: The current market price is 5322.19, and the ATR is 33.64, indicating moderate volatility. The market is in a bullish trend, supported by the Bullish PO3 pattern and the Asymmetrical Triangle breakout setup. The calculated Stop Loss (SL) and Take Profit (TP) based on the ATR are as follows: - SL = 5322.19 - (2.0 * 33.64) = 5322.19 - 67.28 = 5254.91 - TP = 5322.19 + (2.0 * 33.64) = 5322.19 + 67.28 = 5389.47  Given the current bullish sentiment and the presence of a demand zone, I recommend a BUY position. However, caution is advised due to the low liquidity in the ""Quiet Zone"" and the potential for erratic price movements.",Action: ซื้อ Confidence: 80% Sentiment_Score: 0.5 SL: 5254.91 TP: 5389.47 Trailing_Stop: 3.0 Delay_Minutes: 30 Reason: ตลาดมีแนวโน้มขาขึ้นและมีสัญญาณที่ชัดเจนในการซื้อ แต่ต้องระวังสัญญาณที่อาจทำให้เกิดการกลับตัวในช่วงที่มีสภาพคล่องต่ำ,CLOSED,22.23,1.0
2026-03-03 03:17:46,ซื้อ,0.4,37.3,71.78,5356.7,5244.3,5268.42,5400.94,3.0,30,"Thought Process: The current market price is 5334.68, and the ATR is 33.13, indicating moderate volatility. The analysis shows a Bullish PO3 pattern, suggesting a potential upward trend after manipulation below the daily open. The Asymmetrical Triangle Squeeze indicates a breakout is likely.   Calculating the Stop Loss (SL) and Take Profit (TP) based on the baseline rules: - SL = 5334.68 - (2.0 * 33.13) = 5334.68 - 66.26 = 5268.42 - TP = 5334.68 + (2.0 * 33.13) = 5334.68 + 66.26 = 5400.94  Given the current bullish trend and the presence of a bullish setup, I recommend a BUY position. However, caution is advised due to the low liquidity in the ""Quiet Zone.""",Action: ซื้อ Confidence: 80% Sentiment_Score: 0.4 SL: 5268.42 TP: 5400.94 Trailing_Stop: 3.0 Delay_Minutes: 30 Reason: ตลาดมีแนวโน้มขาขึ้นและมีสัญญาณที่ชัดเจนในการซื้อ แต่ต้องระวังสัญญาณที่อาจทำให้เกิดการกลับตัวในช่วงที่มีสภาพคล่องต่ำ,CLOSED,2.61,0.43
2026-03-03 21:19:27,ขาย,0.6,27.43,47.1,5294.01,5258.18,5261.76,5028.48,3.0,30,"Thought Process: The analysis indicates a bearish trend for XAUUSD, supported by the current market price of 5145.12 and the ATR of 58.32. The calculated Stop Loss (SL) and Take Profit (TP) based on the ATR are as follows:   - SL = 5145.12 + (2.0 * 58.32) = 5261.76   - TP = 5145.12 - (2.0 * 58.32) = 5028.48.   Given the current market conditions, including the bearish trend and the potential for further downside indicated by the Bearish PO3 and Bearish Harami patterns, I recommend a SELL position. The market is currently in the New York session, which is active and may provide better trading opportunities.",Action: ขาย   Confidence: 85%   Sentiment_Score: 0.6   SL: 5261.76   TP: 5028.48   Trailing_Stop: 3.0   Delay_Minutes: 30   Reason: ตลาดมีแนวโน้มขาลงและมีสัญญาณที่ชัดเจนในการขาย ควรใช้โอกาสนี้ในการทำกำไรจากการเคลื่อนไหวของราคาในทิศทางขาลง,CLOSED,300.36,1.0
2026-03-03 22:22:05,ขาย,0.5,23.03,39.37,5274.9,5252.95,5179.3,4901.86,3.0,30,"Thought Process: The analysis indicates a bearish trend for XAUUSD, supported by the current market price of 5040.58 and the ATR of 69.86. Given the bearish market regime and the critical lesson learned about not catching falling knives, it is prudent to avoid buying in this downtrend. The calculated Stop Loss (SL) and Take Profit (TP) based on the ATR are as follows:  - SL = 5040.58 + (2.0 * 69.86) = 5179.30  - TP = 5040.58 - (2.0 * 69.86) = 4901.86.  Since the market is trending down and the sentiment is risk-off due to geopolitical tensions, I recommend a SELL position.",Action: ขาย Confidence: 85% Sentiment_Score: 0.5 SL: 5179.30 TP: 4901.86 Trailing_Stop: 3.0 Delay_Minutes: 30 Reason: ตลาดมีแนวโน้มขาลงและมีสัญญาณที่ชัดเจนในการขาย ควรใช้โอกาสนี้ในการทำกำไรจากการเคลื่อนไหวของราคาในทิศทางขาลง,CLOSED,-407.1,-1.0
2026-03-04 09:40:46,ขาย,0.6,52.35,41.04,5167.38,5250.76,5194.26,5148.1,3.0,30,"Thought Process: The recent trading history indicates a bearish trend for XAUUSD, with multiple sell positions taken successfully. The current market price is 5171.18, and the ATR is 61.54, suggesting moderate volatility. Given the bearish market regime and the recent geopolitical tensions, the sentiment score is 0.6, indicating a risk-off environment. The calculated Stop Loss (SL) and Take Profit (TP) based on the baseline rules are as follows:  - SL = 5171.18 + (2.0 * 61.54) = 5194.26  - TP = 5171.18 - (2.0 * 61.54) = 5148.10.   Considering the current bearish trend and the need to avoid catching falling knives, the recommendation is to sell.",Action: ขาย Confidence: 85% Sentiment_Score: 0.6 SL: 5194.26 TP: 5148.10 Trailing_Stop: 3.0 Delay_Minutes: 30 Reason: ตลาดมีแนวโน้มขาลงและมีสัญญาณที่ชัดเจนในการขาย ควรใช้โอกาสนี้ในการทำกำไรจากการเคลื่อนไหวของราคาในทิศทางขาลง,CLOSED,76.18,1.0
