timestamp,action,sentiment_score,atr,kill_zone,market_regime,vix_index,triggers,lot_size,rsi_fast,rsi_slow,sma_fast,sma_slow,sl,tp,trailing_stop,delay_minutes,thought_process,reason_text,status,profit_loss,performance_score
2026-03-02 11:40:09,‡∏ã‡∏∑‡πâ‡∏≠,0.1,6.45,üåè ASIAN SESSION (Low Volatility - ‡∏Å‡∏£‡∏≤‡∏ü‡∏ß‡∏¥‡πà‡∏á‡πÉ‡∏ô‡∏Å‡∏£‡∏≠‡∏ö ‡πÄ‡∏ô‡πâ‡∏ô‡πÄ‡∏Ç‡πâ‡∏≤‡πÑ‡∏ß‡∏≠‡∏≠‡∏Å‡πÑ‡∏ß ‡πÄ‡∏Å‡πá‡∏ö‡∏Å‡∏≥‡πÑ‡∏£‡∏™‡∏±‡πâ‡∏ô‡πÜ),üî• TRENDING UP,Unavailable: No module named 'yfinance',üìà Bullish Inducement Sweep | üíé Bullish PO3,0.02,44.34,44.34,5359.31,5359.31,5341.03,5359.73,1.5,0,"Thought Process: The analysis indicates a mixed sentiment for XAUUSD with bearish short-term indicators (RSI and SMA) suggesting downward pressure, while the overall market regime is trending upwards. The ATR of 6.45 allows for reasonable price movements suitable for scalping. The calculated SL and TP based on the baseline rules are as follows:  - SL = 5350.38 - (3.0 * 6.45) = 5341.03 - TP = 5350.38 + (3.0 * 6.45) = 5359.73  Given the Asian session's low volatility and the preference for quick profits, the decision is to take a long position to capitalize on the bullish inducement sweep and overall upward trend.",Action: ‡∏ã‡∏∑‡πâ‡∏≠ Confidence: 70% Sentiment_Score: 0.1 SL: 5341.03 TP: 5359.73 Trailing_Stop: 1.5 Delay_Minutes: 0 Reason: ‡∏™‡∏ñ‡∏≤‡∏ô‡∏Å‡∏≤‡∏£‡∏ì‡πå‡∏ï‡∏•‡∏≤‡∏î‡∏õ‡∏±‡∏à‡∏à‡∏∏‡∏ö‡∏±‡∏ô‡πÅ‡∏™‡∏î‡∏á‡πÉ‡∏´‡πâ‡πÄ‡∏´‡πá‡∏ô‡∏ñ‡∏∂‡∏á‡πÅ‡∏£‡∏á‡∏Å‡∏£‡∏∞‡∏ï‡∏∏‡πâ‡∏ô‡∏Ç‡∏≤‡∏Ç‡∏∂‡πâ‡∏ô ‡πÅ‡∏°‡πâ‡∏à‡∏∞‡∏°‡∏µ‡∏™‡∏±‡∏ç‡∏ç‡∏≤‡∏ì‡∏Ç‡∏≤‡∏•‡∏á‡πÉ‡∏ô‡∏£‡∏∞‡∏¢‡∏∞‡∏™‡∏±‡πâ‡∏ô ‡πÅ‡∏ï‡πà‡πÅ‡∏ô‡∏ß‡πÇ‡∏ô‡πâ‡∏°‡πÇ‡∏î‡∏¢‡∏£‡∏ß‡∏°‡∏¢‡∏±‡∏á‡∏Ñ‡∏á‡πÄ‡∏õ‡πá‡∏ô‡∏Ç‡∏≤‡∏Ç‡∏∂‡πâ‡∏ô ‡∏Å‡∏≤‡∏£‡∏ï‡∏±‡∏î‡∏™‡∏¥‡∏ô‡πÉ‡∏à‡∏ã‡∏∑‡πâ‡∏≠‡∏à‡∏∂‡∏á‡πÄ‡∏´‡∏°‡∏≤‡∏∞‡∏™‡∏°‡πÄ‡∏û‡∏∑‡πà‡∏≠‡πÄ‡∏Å‡πá‡∏ö‡∏Å‡∏≥‡πÑ‡∏£‡πÉ‡∏ô‡∏ä‡πà‡∏ß‡∏á‡πÄ‡∏ß‡∏•‡∏≤‡∏ó‡∏µ‡πà‡∏°‡∏µ‡∏Ñ‡∏ß‡∏≤‡∏°‡∏ú‡∏±‡∏ô‡∏ú‡∏ß‡∏ô‡∏ï‡πà‡∏≥‡πÉ‡∏ô‡πÄ‡∏ã‡∏™‡∏ä‡∏±‡∏ô‡πÄ‡∏≠‡πÄ‡∏ä‡∏µ‡∏¢,CLOSED,2.76,0.92
2026-03-02 11:51:20,‡∏ã‡∏∑‡πâ‡∏≠,0.1,6.1,üåè ASIAN SESSION (Low Volatility - ‡∏Å‡∏£‡∏≤‡∏ü‡∏ß‡∏¥‡πà‡∏á‡πÉ‡∏ô‡∏Å‡∏£‡∏≠‡∏ö ‡πÄ‡∏ô‡πâ‡∏ô‡πÄ‡∏Ç‡πâ‡∏≤‡πÑ‡∏ß‡∏≠‡∏≠‡∏Å‡πÑ‡∏ß ‡πÄ‡∏Å‡πá‡∏ö‡∏Å‡∏≥‡πÑ‡∏£‡∏™‡∏±‡πâ‡∏ô‡πÜ),üî• TRENDING UP,Unavailable: No module named 'yfinance',"Bullish Pin Bar (M5) | RSI Oversold (<40.0) | üíé Bullish PO3 | Bearish Harami (Momentum Slowing, Potential Down)",0.02,39.3,39.3,5359.35,5359.35,5340.04,5365.44,1.5,0,"Thought Process: The current market price is 5353.14, and the ATR is 6.1. The analysis shows a bullish pin bar and an RSI that is oversold, indicating potential for a price reversal. However, there is also a bearish harami pattern suggesting that momentum may be slowing down. Given the Asian session's low volatility, it is essential to act quickly.   Calculating the SL and TP based on the baseline rules: - SL = 5353.14 - (2.0 * 6.1) = 5340.04 - TP = 5353.14 + (3.0 * 6.1) = 5365.44  Given the mixed signals from the technical indicators, the overall market regime is trending upwards, and the presence of bullish patterns suggests a potential for upward movement. Therefore, the decision is to buy, taking advantage of the bullish sentiment while managing risk with the calculated SL and TP.",Action: ‡∏ã‡∏∑‡πâ‡∏≠ Confidence: 70% Sentiment_Score: 0.1 SL: 5340.04 TP: 5365.44 Trailing_Stop: 1.5 Delay_Minutes: 0 Reason: ‡∏™‡∏ñ‡∏≤‡∏ô‡∏Å‡∏≤‡∏£‡∏ì‡πå‡∏ï‡∏•‡∏≤‡∏î‡∏õ‡∏±‡∏à‡∏à‡∏∏‡∏ö‡∏±‡∏ô‡πÅ‡∏™‡∏î‡∏á‡πÉ‡∏´‡πâ‡πÄ‡∏´‡πá‡∏ô‡∏ñ‡∏∂‡∏á‡∏™‡∏±‡∏ç‡∏ç‡∏≤‡∏ì‡∏Ç‡∏≤‡∏Ç‡∏∂‡πâ‡∏ô‡∏à‡∏≤‡∏Å‡∏£‡∏π‡∏õ‡πÅ‡∏ö‡∏ö‡πÅ‡∏ó‡πà‡∏á‡πÄ‡∏ó‡∏µ‡∏¢‡∏ô‡πÅ‡∏•‡∏∞ RSI ‡∏ó‡∏µ‡πà‡∏≠‡∏¢‡∏π‡πà‡πÉ‡∏ô‡∏£‡∏∞‡∏î‡∏±‡∏ö‡∏ï‡πà‡∏≥ ‡πÅ‡∏ï‡πà‡∏¢‡∏±‡∏á‡∏°‡∏µ‡∏™‡∏±‡∏ç‡∏ç‡∏≤‡∏ì‡∏Ç‡∏≤‡∏•‡∏á‡∏ó‡∏µ‡πà‡∏ï‡πâ‡∏≠‡∏á‡∏£‡∏∞‡∏ß‡∏±‡∏á ‡∏Å‡∏≤‡∏£‡∏ï‡∏±‡∏î‡∏™‡∏¥‡∏ô‡πÉ‡∏à‡∏ã‡∏∑‡πâ‡∏≠‡∏à‡∏∂‡∏á‡πÄ‡∏´‡∏°‡∏≤‡∏∞‡∏™‡∏°‡πÄ‡∏û‡∏∑‡πà‡∏≠‡πÄ‡∏Å‡πá‡∏ö‡∏Å‡∏≥‡πÑ‡∏£‡πÉ‡∏ô‡∏ä‡πà‡∏ß‡∏á‡πÄ‡∏ß‡∏•‡∏≤‡∏ó‡∏µ‡πà‡∏°‡∏µ‡∏Ñ‡∏ß‡∏≤‡∏°‡∏ú‡∏±‡∏ô‡∏ú‡∏ß‡∏ô‡∏ï‡πà‡∏≥‡πÉ‡∏ô‡πÄ‡∏ã‡∏™‡∏ä‡∏±‡∏ô‡πÄ‡∏≠‡πÄ‡∏ä‡∏µ‡∏¢,CLOSED,6.84,1.0
2026-03-02 12:02:40,‡∏ã‡∏∑‡πâ‡∏≠,0.1,6.25,üåè ASIAN SESSION (Low Volatility - ‡∏Å‡∏£‡∏≤‡∏ü‡∏ß‡∏¥‡πà‡∏á‡πÉ‡∏ô‡∏Å‡∏£‡∏≠‡∏ö ‡πÄ‡∏ô‡πâ‡∏ô‡πÄ‡∏Ç‡πâ‡∏≤‡πÑ‡∏ß‡∏≠‡∏≠‡∏Å‡πÑ‡∏ß ‡πÄ‡∏Å‡πá‡∏ö‡∏Å‡∏≥‡πÑ‡∏£‡∏™‡∏±‡πâ‡∏ô‡πÜ),üí§ RANGING (Sideways),Unavailable: No module named 'yfinance',"RSI Oversold (<40.0) | Inside Bar Detected (Expect Breakout/Fakey soon) | üíé Bullish PO3 | Bearish Harami (Momentum Slowing, Potential Down)",0.02,39.61,39.61,5359.26,5359.26,5339.22,5365.22,1.5,0,"Thought Process: The current market price is 5352.72 with an ATR of 6.25. The RSI is indicating oversold conditions (<40.0), which suggests a potential for a price reversal. The presence of an Inside Bar indicates a possible breakout, while the Bearish Harami suggests that momentum is slowing, which could lead to a downward move. However, the overall market regime is ranging, and the Asian session is characterized by low volatility, making it suitable for quick scalping.   Calculating the SL and TP based on the baseline rules: - SL = 5352.72 - (2.0 * 6.25) = 5339.22 - TP = 5352.72 + (3.0 * 6.25) = 5365.22  Given the mixed signals from the technical indicators, the bullish potential from the oversold RSI, and the low volatility environment, the decision is to take a cautious BUY position to capitalize on the potential for a short-term upward movement.",Action: ‡∏ã‡∏∑‡πâ‡∏≠ Confidence: 70% Sentiment_Score: 0.1 SL: 5339.22 TP: 5365.22 Trailing_Stop: 1.5 Delay_Minutes: 0 Reason: ‡∏™‡∏ñ‡∏≤‡∏ô‡∏Å‡∏≤‡∏£‡∏ì‡πå‡∏ï‡∏•‡∏≤‡∏î‡∏õ‡∏±‡∏à‡∏à‡∏∏‡∏ö‡∏±‡∏ô‡πÅ‡∏™‡∏î‡∏á‡πÉ‡∏´‡πâ‡πÄ‡∏´‡πá‡∏ô‡∏ñ‡∏∂‡∏á‡∏Å‡∏≤‡∏£‡∏Ç‡∏≤‡∏¢‡∏ó‡∏µ‡πà‡∏°‡∏≤‡∏Å‡πÄ‡∏Å‡∏¥‡∏ô‡πÑ‡∏õ‡∏ã‡∏∂‡πà‡∏á‡∏≠‡∏≤‡∏à‡∏ô‡∏≥‡πÑ‡∏õ‡∏™‡∏π‡πà‡∏Å‡∏≤‡∏£‡∏Å‡∏•‡∏±‡∏ö‡∏ï‡∏±‡∏ß‡πÉ‡∏ô‡∏£‡∏∞‡∏¢‡∏∞‡∏™‡∏±‡πâ‡∏ô ‡∏Å‡∏≤‡∏£‡∏ï‡∏±‡∏î‡∏™‡∏¥‡∏ô‡πÉ‡∏à‡∏ã‡∏∑‡πâ‡∏≠‡∏à‡∏∂‡∏á‡πÄ‡∏´‡∏°‡∏≤‡∏∞‡∏™‡∏°‡πÄ‡∏û‡∏∑‡πà‡∏≠‡πÄ‡∏Å‡πá‡∏ö‡∏Å‡∏≥‡πÑ‡∏£‡πÉ‡∏ô‡∏ä‡πà‡∏ß‡∏á‡πÄ‡∏ß‡∏•‡∏≤‡∏ó‡∏µ‡πà‡∏°‡∏µ‡∏Ñ‡∏ß‡∏≤‡∏°‡∏ú‡∏±‡∏ô‡∏ú‡∏ß‡∏ô‡∏ï‡πà‡∏≥‡πÉ‡∏ô‡πÄ‡∏ã‡∏™‡∏ä‡∏±‡∏ô‡πÄ‡∏≠‡πÄ‡∏ä‡∏µ‡∏¢,CLOSED,1.6800000000000002,0.56
2026-03-02 12:19:43,‡∏ã‡∏∑‡πâ‡∏≠,0.1,6.69,üåè ASIAN SESSION (Low Volatility - ‡∏Å‡∏£‡∏≤‡∏ü‡∏ß‡∏¥‡πà‡∏á‡πÉ‡∏ô‡∏Å‡∏£‡∏≠‡∏ö ‡πÄ‡∏ô‡πâ‡∏ô‡πÄ‡∏Ç‡πâ‡∏≤‡πÑ‡∏ß‡∏≠‡∏≠‡∏Å‡πÑ‡∏ß ‡πÄ‡∏Å‡πá‡∏ö‡∏Å‡∏≥‡πÑ‡∏£‡∏™‡∏±‡πâ‡∏ô‡πÜ),üí§ RANGING (Sideways),Unavailable: No module named 'yfinance',"RSI Oversold (<40.0) | üìà Bullish Inducement Sweep | üíé Bullish PO3 | Bullish Harami (Momentum Slowing, Potential Up)",0.02,39.63,39.63,5357.48,5357.48,5333.36,5366.81,1.5,0,"Thought Process: The current market price is 5346.74 with an ATR of 6.69. The RSI is in the oversold territory (<40.0), indicating potential for a reversal. The presence of a Bullish Inducement Sweep and a Bullish Harami pattern suggests that momentum may be shifting upwards. However, the market is currently in a ranging state, which means price movements may be limited.   For the SL and TP calculations: - SL = 5346.74 - (2.0 * 6.69) = 5333.36 - TP = 5346.74 + (3.0 * 6.69) = 5366.81  Given the Asian session's low volatility, the strategy should focus on quick profits. The overall market sentiment is cautiously optimistic due to the bullish signals, but the ranging market requires careful management of risk.",Action: ‡∏ã‡∏∑‡πâ‡∏≠ Confidence: 80% Sentiment_Score: 0.1 SL: 5333.36 TP: 5366.81 Trailing_Stop: 1.5 Delay_Minutes: 0 Reason: ‡∏™‡∏ñ‡∏≤‡∏ô‡∏Å‡∏≤‡∏£‡∏ì‡πå‡∏ï‡∏•‡∏≤‡∏î‡∏õ‡∏±‡∏à‡∏à‡∏∏‡∏ö‡∏±‡∏ô‡πÅ‡∏™‡∏î‡∏á‡πÉ‡∏´‡πâ‡πÄ‡∏´‡πá‡∏ô‡∏ñ‡∏∂‡∏á‡∏™‡∏±‡∏ç‡∏ç‡∏≤‡∏ì‡∏Ç‡∏≤‡∏Ç‡∏∂‡πâ‡∏ô‡∏ó‡∏µ‡πà‡∏≠‡∏≤‡∏à‡πÄ‡∏Å‡∏¥‡∏î‡∏Ç‡∏∂‡πâ‡∏ô‡∏à‡∏≤‡∏Å‡∏Å‡∏≤‡∏£‡∏ó‡∏µ‡πà RSI ‡∏≠‡∏¢‡∏π‡πà‡πÉ‡∏ô‡∏£‡∏∞‡∏î‡∏±‡∏ö‡∏ï‡πà‡∏≥‡πÅ‡∏•‡∏∞‡∏£‡∏π‡∏õ‡πÅ‡∏ö‡∏ö Bullish Harami ‡πÅ‡∏ï‡πà‡∏ï‡∏•‡∏≤‡∏î‡∏≠‡∏¢‡∏π‡πà‡πÉ‡∏ô‡∏ä‡πà‡∏ß‡∏á‡∏ó‡∏µ‡πà‡πÄ‡∏Ñ‡∏•‡∏∑‡πà‡∏≠‡∏ô‡πÑ‡∏´‡∏ß‡πÉ‡∏ô‡∏Å‡∏£‡∏≠‡∏ö ‡∏Å‡∏≤‡∏£‡∏ï‡∏±‡∏î‡∏™‡∏¥‡∏ô‡πÉ‡∏à‡∏ã‡∏∑‡πâ‡∏≠‡∏à‡∏∂‡∏á‡πÄ‡∏´‡∏°‡∏≤‡∏∞‡∏™‡∏°‡πÄ‡∏û‡∏∑‡πà‡∏≠‡πÄ‡∏Å‡πá‡∏ö‡∏Å‡∏≥‡πÑ‡∏£‡πÉ‡∏ô‡∏ä‡πà‡∏ß‡∏á‡πÄ‡∏ß‡∏•‡∏≤‡∏ó‡∏µ‡πà‡∏°‡∏µ‡∏Ñ‡∏ß‡∏≤‡∏°‡∏ú‡∏±‡∏ô‡∏ú‡∏ß‡∏ô‡∏ï‡πà‡∏≥‡πÉ‡∏ô‡πÄ‡∏ã‡∏™‡∏ä‡∏±‡∏ô‡πÄ‡∏≠‡πÄ‡∏ä‡∏µ‡∏¢,CLOSED,5.74,1.0
2026-03-02 12:27:45,‡∏ã‡∏∑‡πâ‡∏≠,0.1,6.17,üåè ASIAN SESSION (Low Volatility - ‡∏Å‡∏£‡∏≤‡∏ü‡∏ß‡∏¥‡πà‡∏á‡πÉ‡∏ô‡∏Å‡∏£‡∏≠‡∏ö ‡πÄ‡∏ô‡πâ‡∏ô‡πÄ‡∏Ç‡πâ‡∏≤‡πÑ‡∏ß‡∏≠‡∏≠‡∏Å‡πÑ‡∏ß ‡πÄ‡∏Å‡πá‡∏ö‡∏Å‡∏≥‡πÑ‡∏£‡∏™‡∏±‡πâ‡∏ô‡πÜ),üí§ RANGING (Sideways),Unavailable: No module named 'yfinance',RSI Oversold (<40.0) | üìà Bullish Inducement Sweep | üíé Bullish PO3,0.02,34.45,34.45,5356.47,5356.47,5339.73,5368.68,1.5,0,"Thought Process: The current market price is 5352.07 with an ATR of 6.17. The RSI is indicating an oversold condition (<40.0), which suggests a potential for upward movement. The presence of a Bullish Inducement Sweep and a Bullish PO3 further supports the possibility of a price increase. However, the market is currently in a ranging state, which means that while there is potential for a breakout, caution is warranted.   Calculating the SL and TP based on the baseline rules: - SL = 5352.07 - (2.0 * 6.17) = 5339.73 - TP = 5352.07 + (3.0 * 6.17) = 5368.68  Given the Asian session's low volatility and the preference for quick profits, the decision is to take a long position to capitalize on the bullish signals while managing risk effectively.",Action: ‡∏ã‡∏∑‡πâ‡∏≠ Confidence: 80% Sentiment_Score: 0.1 SL: 5339.73 TP: 5368.68 Trailing_Stop: 1.5 Delay_Minutes: 0 Reason: ‡∏™‡∏ñ‡∏≤‡∏ô‡∏Å‡∏≤‡∏£‡∏ì‡πå‡∏ï‡∏•‡∏≤‡∏î‡∏õ‡∏±‡∏à‡∏à‡∏∏‡∏ö‡∏±‡∏ô‡πÅ‡∏™‡∏î‡∏á‡πÉ‡∏´‡πâ‡πÄ‡∏´‡πá‡∏ô‡∏ñ‡∏∂‡∏á‡∏™‡∏±‡∏ç‡∏ç‡∏≤‡∏ì‡∏Ç‡∏≤‡∏Ç‡∏∂‡πâ‡∏ô‡∏à‡∏≤‡∏Å RSI ‡∏ó‡∏µ‡πà‡∏≠‡∏¢‡∏π‡πà‡πÉ‡∏ô‡πÇ‡∏ã‡∏ô‡∏Ç‡∏≤‡∏¢‡πÄ‡∏Å‡∏¥‡∏ô‡πÅ‡∏•‡∏∞‡∏Å‡∏≤‡∏£‡πÄ‡∏Å‡∏¥‡∏î Bullish Inducement Sweep ‡∏Å‡∏≤‡∏£‡∏ï‡∏±‡∏î‡∏™‡∏¥‡∏ô‡πÉ‡∏à‡∏ã‡∏∑‡πâ‡∏≠‡∏à‡∏∂‡∏á‡πÄ‡∏´‡∏°‡∏≤‡∏∞‡∏™‡∏°‡πÄ‡∏û‡∏∑‡πà‡∏≠‡πÄ‡∏Å‡πá‡∏ö‡∏Å‡∏≥‡πÑ‡∏£‡πÉ‡∏ô‡∏ä‡πà‡∏ß‡∏á‡πÄ‡∏ß‡∏•‡∏≤‡∏ó‡∏µ‡πà‡∏°‡∏µ‡∏Ñ‡∏ß‡∏≤‡∏°‡∏ú‡∏±‡∏ô‡∏ú‡∏ß‡∏ô‡∏ï‡πà‡∏≥‡πÉ‡∏ô‡πÄ‡∏ã‡∏™‡∏ä‡∏±‡∏ô‡πÄ‡∏≠‡πÄ‡∏ä‡∏µ‡∏¢,CLOSED,9.6,1.0
2026-03-02 12:40:52,‡∏ã‡∏∑‡πâ‡∏≠,0.1,6.56,üåè ASIAN SESSION (Low Volatility - ‡∏Å‡∏£‡∏≤‡∏ü‡∏ß‡∏¥‡πà‡∏á‡πÉ‡∏ô‡∏Å‡∏£‡∏≠‡∏ö ‡πÄ‡∏ô‡πâ‡∏ô‡πÄ‡∏Ç‡πâ‡∏≤‡πÑ‡∏ß‡∏≠‡∏≠‡∏Å‡πÑ‡∏ß ‡πÄ‡∏Å‡πá‡∏ö‡∏Å‡∏≥‡πÑ‡∏£‡∏™‡∏±‡πâ‡∏ô‡πÜ),üî• TRENDING DOWN,Unavailable: No module named 'yfinance',üíé Bullish PO3,0.02,47.06,47.06,5355.5,5355.5,5345.4,5377.2,1.5,0,"Thought Process: The current market price is 5358.52 with an ATR of 6.56. The indicators suggest a bullish sentiment due to the Bullish PO3 and the RSI being in the oversold territory (<40.0). However, the market regime is trending down, which indicates potential resistance. The calculated SL and TP based on the baseline rules are as follows: - SL = 5358.52 - (2.0 * 6.56) = 5345.40 - TP = 5358.52 + (3.0 * 6.56) = 5377.20  Given the Asian session's low volatility and the preference for quick profits, the decision is to take a long position to capitalize on the bullish signals while managing risk effectively.",Action: ‡∏ã‡∏∑‡πâ‡∏≠ Confidence: 70% Sentiment_Score: 0.1 SL: 5345.40 TP: 5377.20 Trailing_Stop: 1.5 Delay_Minutes: 0 Reason: ‡∏™‡∏ñ‡∏≤‡∏ô‡∏Å‡∏≤‡∏£‡∏ì‡πå‡∏ï‡∏•‡∏≤‡∏î‡∏õ‡∏±‡∏à‡∏à‡∏∏‡∏ö‡∏±‡∏ô‡πÅ‡∏™‡∏î‡∏á‡πÉ‡∏´‡πâ‡πÄ‡∏´‡πá‡∏ô‡∏ñ‡∏∂‡∏á‡∏™‡∏±‡∏ç‡∏ç‡∏≤‡∏ì‡∏Ç‡∏≤‡∏Ç‡∏∂‡πâ‡∏ô‡∏à‡∏≤‡∏Å‡∏Å‡∏≤‡∏£‡∏ó‡∏µ‡πà RSI ‡∏≠‡∏¢‡∏π‡πà‡πÉ‡∏ô‡πÇ‡∏ã‡∏ô‡∏Ç‡∏≤‡∏¢‡πÄ‡∏Å‡∏¥‡∏ô‡πÅ‡∏•‡∏∞‡∏°‡∏µ Bullish PO3 ‡πÅ‡∏ï‡πà‡πÅ‡∏ô‡∏ß‡πÇ‡∏ô‡πâ‡∏°‡πÇ‡∏î‡∏¢‡∏£‡∏ß‡∏°‡∏¢‡∏±‡∏á‡∏Ñ‡∏á‡πÄ‡∏õ‡πá‡∏ô‡∏Ç‡∏≤‡∏•‡∏á ‡∏Å‡∏≤‡∏£‡∏ï‡∏±‡∏î‡∏™‡∏¥‡∏ô‡πÉ‡∏à‡∏ã‡∏∑‡πâ‡∏≠‡∏à‡∏∂‡∏á‡πÄ‡∏´‡∏°‡∏≤‡∏∞‡∏™‡∏°‡πÄ‡∏û‡∏∑‡πà‡∏≠‡πÄ‡∏Å‡πá‡∏ö‡∏Å‡∏≥‡πÑ‡∏£‡πÉ‡∏ô‡∏ä‡πà‡∏ß‡∏á‡πÄ‡∏ß‡∏•‡∏≤‡∏ó‡∏µ‡πà‡∏°‡∏µ‡∏Ñ‡∏ß‡∏≤‡∏°‡∏ú‡∏±‡∏ô‡∏ú‡∏ß‡∏ô‡∏ï‡πà‡∏≥‡πÉ‡∏ô‡πÄ‡∏ã‡∏™‡∏ä‡∏±‡∏ô‡πÄ‡∏≠‡πÄ‡∏ä‡∏µ‡∏¢,CLOSED,-0.42,-0.28
2026-03-02 12:48:01,‡∏ã‡∏∑‡πâ‡∏≠,0.1,6.01,üåè ASIAN SESSION (Low Volatility - ‡∏Å‡∏£‡∏≤‡∏ü‡∏ß‡∏¥‡πà‡∏á‡πÉ‡∏ô‡∏Å‡∏£‡∏≠‡∏ö ‡πÄ‡∏ô‡πâ‡∏ô‡πÄ‡∏Ç‡πâ‡∏≤‡πÑ‡∏ß‡∏≠‡∏≠‡∏Å‡πÑ‡∏ß ‡πÄ‡∏Å‡πá‡∏ö‡∏Å‡∏≥‡πÑ‡∏£‡∏™‡∏±‡πâ‡∏ô‡πÜ),üî• TRENDING DOWN,Unavailable: No module named 'yfinance',RSI Overbought (>60.0) | üíé Bullish PO3,0.02,66.4,66.4,5355.88,5355.88,5350.49,5378.54,1.5,0,"Thought Process: The current market price is 5362.51, and the ATR is 6.01. The RSI is overbought (>60.0), indicating that the market may be due for a pullback. However, the presence of a Bullish PO3 suggests potential upward momentum. Given the Asian session's low volatility, it is essential to focus on quick profits.   Calculating the SL and TP based on the baseline rules: - SL = 5362.51 - (2.0 * 6.01) = 5350.49 - TP = 5362.51 + (3.0 * 6.01) = 5378.54  Given the current trend is downwards, and the market is overbought, it may be prudent to consider a cautious approach. However, the bullish signals indicate that there could be a short-term opportunity for a quick scalp.",Action: ‡∏ã‡∏∑‡πâ‡∏≠ Confidence: 70% Sentiment_Score: 0.1 SL: 5350.49 TP: 5378.54 Trailing_Stop: 1.5 Delay_Minutes: 0 Reason: ‡∏™‡∏ñ‡∏≤‡∏ô‡∏Å‡∏≤‡∏£‡∏ì‡πå‡∏ï‡∏•‡∏≤‡∏î‡∏õ‡∏±‡∏à‡∏à‡∏∏‡∏ö‡∏±‡∏ô‡πÅ‡∏™‡∏î‡∏á‡πÉ‡∏´‡πâ‡πÄ‡∏´‡πá‡∏ô‡∏ñ‡∏∂‡∏á‡πÅ‡∏£‡∏á‡∏Å‡∏î‡∏î‡∏±‡∏ô‡∏Ç‡∏≤‡∏•‡∏á ‡πÅ‡∏ï‡πà‡∏°‡∏µ‡∏™‡∏±‡∏ç‡∏ç‡∏≤‡∏ì bullish ‡∏ó‡∏µ‡πà‡∏≠‡∏≤‡∏à‡∏ô‡∏≥‡πÑ‡∏õ‡∏™‡∏π‡πà‡∏Å‡∏≤‡∏£‡πÄ‡∏Ñ‡∏•‡∏∑‡πà‡∏≠‡∏ô‡πÑ‡∏´‡∏ß‡∏Ç‡∏∂‡πâ‡∏ô‡πÉ‡∏ô‡∏£‡∏∞‡∏¢‡∏∞‡∏™‡∏±‡πâ‡∏ô ‡∏Å‡∏≤‡∏£‡∏ï‡∏±‡∏î‡∏™‡∏¥‡∏ô‡πÉ‡∏à‡∏ã‡∏∑‡πâ‡∏≠‡∏à‡∏∂‡∏á‡πÄ‡∏´‡∏°‡∏≤‡∏∞‡∏™‡∏°‡πÄ‡∏û‡∏∑‡πà‡∏≠‡πÄ‡∏Å‡πá‡∏ö‡∏Å‡∏≥‡πÑ‡∏£‡πÉ‡∏ô‡∏ä‡πà‡∏ß‡∏á‡πÄ‡∏ß‡∏•‡∏≤‡∏ó‡∏µ‡πà‡∏°‡∏µ‡∏Ñ‡∏ß‡∏≤‡∏°‡∏ú‡∏±‡∏ô‡∏ú‡∏ß‡∏ô‡∏ï‡πà‡∏≥‡πÉ‡∏ô‡πÄ‡∏ã‡∏™‡∏ä‡∏±‡∏ô‡πÄ‡∏≠‡πÄ‡∏ä‡∏µ‡∏¢,CLOSED,1.88,0.63
2026-03-02 13:31:52,‡∏ã‡∏∑‡πâ‡∏≠,0.1,5.77,üåè ASIAN SESSION (Low Volatility - ‡∏Å‡∏£‡∏≤‡∏ü‡∏ß‡∏¥‡πà‡∏á‡πÉ‡∏ô‡∏Å‡∏£‡∏≠‡∏ö ‡πÄ‡∏ô‡πâ‡∏ô‡πÄ‡∏Ç‡πâ‡∏≤‡πÑ‡∏ß‡∏≠‡∏≠‡∏Å‡πÑ‡∏ß ‡πÄ‡∏Å‡πá‡∏ö‡∏Å‡∏≥‡πÑ‡∏£‡∏™‡∏±‡πâ‡∏ô‡πÜ),üî• TRENDING UP,Unavailable: No module named 'yfinance',RSI Overbought (>60.0) | üíé Bullish PO3,0.02,95.21,95.21,5362.84,5362.84,5369.36,5399.21,1.5,0,"Thought Process: The current market price is 5381.90, and the ATR is 5.77. The RSI is overbought (>60.0), indicating potential for a price pullback. However, the presence of a bullish PO3 and a bullish order block suggests that there may still be upward momentum. The calculated stop loss (SL) and take profit (TP) levels are as follows:  - SL = 5381.90 - (2.0 * 5.77) = 5369.36 - TP = 5381.90 + (3.0 * 5.77) = 5399.21  Given the Asian session's low volatility and the preference for quick profits, the decision is to take a cautious buy position, anticipating a short-term upward movement while managing risk with the calculated SL.",Action: ‡∏ã‡∏∑‡πâ‡∏≠ Confidence: 70% Sentiment_Score: 0.1 SL: 5369.36 TP: 5399.21 Trailing_Stop: 1.5 Delay_Minutes: 0 Reason: ‡∏™‡∏ñ‡∏≤‡∏ô‡∏Å‡∏≤‡∏£‡∏ì‡πå‡∏ï‡∏•‡∏≤‡∏î‡∏õ‡∏±‡∏à‡∏à‡∏∏‡∏ö‡∏±‡∏ô‡πÅ‡∏™‡∏î‡∏á‡πÉ‡∏´‡πâ‡πÄ‡∏´‡πá‡∏ô‡∏ñ‡∏∂‡∏á‡πÅ‡∏£‡∏á‡∏Å‡∏î‡∏î‡∏±‡∏ô‡∏Ç‡∏≤‡∏Ç‡∏∂‡πâ‡∏ô‡πÉ‡∏ô‡∏£‡∏∞‡∏¢‡∏∞‡∏™‡∏±‡πâ‡∏ô ‡πÅ‡∏°‡πâ‡∏ß‡πà‡∏≤ RSI ‡∏à‡∏∞‡∏≠‡∏¢‡∏π‡πà‡πÉ‡∏ô‡∏£‡∏∞‡∏î‡∏±‡∏ö‡∏ó‡∏µ‡πà‡∏™‡∏π‡∏á‡πÄ‡∏Å‡∏¥‡∏ô‡πÑ‡∏õ ‡πÅ‡∏ï‡πà‡∏Å‡∏≤‡∏£‡∏°‡∏µ PO3 ‡πÅ‡∏•‡∏∞‡∏ö‡∏•‡πá‡∏≠‡∏Å‡∏Ñ‡∏≥‡∏™‡∏±‡πà‡∏á‡∏Ç‡∏≤‡∏Ç‡∏∂‡πâ‡∏ô‡πÅ‡∏™‡∏î‡∏á‡∏ñ‡∏∂‡∏á‡πÇ‡∏≠‡∏Å‡∏≤‡∏™‡πÉ‡∏ô‡∏Å‡∏≤‡∏£‡∏ó‡∏≥‡∏Å‡∏≥‡πÑ‡∏£‡πÉ‡∏ô‡∏ä‡πà‡∏ß‡∏á‡πÄ‡∏ß‡∏•‡∏≤‡∏ó‡∏µ‡πà‡∏°‡∏µ‡∏Ñ‡∏ß‡∏≤‡∏°‡∏ú‡∏±‡∏ô‡∏ú‡∏ß‡∏ô‡∏ï‡πà‡∏≥‡πÉ‡∏ô‡πÄ‡∏ã‡∏™‡∏ä‡∏±‡∏ô‡πÄ‡∏≠‡πÄ‡∏ä‡∏µ‡∏¢,CLOSED,6.6,1.0
2026-03-02 13:56:11,‡∏ã‡∏∑‡πâ‡∏≠,0.2,5.94,üåè ASIAN SESSION (Low Volatility - ‡∏Å‡∏£‡∏≤‡∏ü‡∏ß‡∏¥‡πà‡∏á‡πÉ‡∏ô‡∏Å‡∏£‡∏≠‡∏ö ‡πÄ‡∏ô‡πâ‡∏ô‡πÄ‡∏Ç‡πâ‡∏≤‡πÑ‡∏ß‡∏≠‡∏≠‡∏Å‡πÑ‡∏ß ‡πÄ‡∏Å‡πá‡∏ö‡∏Å‡∏≥‡πÑ‡∏£‡∏™‡∏±‡πâ‡∏ô‡πÜ),üî• TRENDING UP,Unavailable: No module named 'yfinance',RSI Overbought (>60.0) | üíé Bullish PO3 | Bullish Order Block + FVG detected (Smart Money Buy Zone in M5),0.02,80.26,80.26,5370.47,5370.47,5373.67,5397.37,1.5,0,"Thought Process: The current market price is 5385.55, and the ATR is 5.94. The RSI is overbought (>60.0), indicating that the market may be due for a pullback. However, the presence of a bullish PO3 and a bullish order block suggests that there is still buying interest. The calculated stop loss (SL) and take profit (TP) levels are as follows:  - SL = 5385.55 - (2.0 * 5.94) = 5373.67 - TP = 5385.55 + (3.0 * 5.94) = 5397.37  Given the Asian session's low volatility, it is advisable to take quick profits rather than hold for larger swings. The overall market regime is trending up, but caution is warranted due to the overbought RSI and potential for a bearish reversal.",Action: ‡∏ã‡∏∑‡πâ‡∏≠ Confidence: 70% Sentiment_Score: 0.2 SL: 5373.67 TP: 5397.37 Trailing_Stop: 1.5 Delay_Minutes: 0 Reason: ‡∏™‡∏ñ‡∏≤‡∏ô‡∏Å‡∏≤‡∏£‡∏ì‡πå‡∏ï‡∏•‡∏≤‡∏î‡∏õ‡∏±‡∏à‡∏à‡∏∏‡∏ö‡∏±‡∏ô‡πÅ‡∏™‡∏î‡∏á‡πÉ‡∏´‡πâ‡πÄ‡∏´‡πá‡∏ô‡∏ñ‡∏∂‡∏á‡πÅ‡∏£‡∏á‡∏ã‡∏∑‡πâ‡∏≠‡∏ó‡∏µ‡πà‡∏¢‡∏±‡∏á‡∏Ñ‡∏á‡∏°‡∏µ‡∏≠‡∏¢‡∏π‡πà ‡πÅ‡∏ï‡πà RSI ‡∏ó‡∏µ‡πà‡∏™‡∏π‡∏á‡πÄ‡∏Å‡∏¥‡∏ô‡πÑ‡∏õ‡∏≠‡∏≤‡∏à‡∏ó‡∏≥‡πÉ‡∏´‡πâ‡πÄ‡∏Å‡∏¥‡∏î‡∏Å‡∏≤‡∏£‡∏õ‡∏£‡∏±‡∏ö‡∏ê‡∏≤‡∏ô‡πÑ‡∏î‡πâ ‡∏Å‡∏≤‡∏£‡∏ï‡∏±‡∏î‡∏™‡∏¥‡∏ô‡πÉ‡∏à‡∏ã‡∏∑‡πâ‡∏≠‡∏à‡∏∂‡∏á‡πÄ‡∏´‡∏°‡∏≤‡∏∞‡∏™‡∏°‡πÉ‡∏ô‡∏ä‡πà‡∏ß‡∏á‡πÄ‡∏ß‡∏•‡∏≤‡∏ó‡∏µ‡πà‡∏°‡∏µ‡∏Ñ‡∏ß‡∏≤‡∏°‡∏ú‡∏±‡∏ô‡∏ú‡∏ß‡∏ô‡∏ï‡πà‡∏≥‡πÉ‡∏ô‡πÄ‡∏ã‡∏™‡∏ä‡∏±‡∏ô‡πÄ‡∏≠‡πÄ‡∏ä‡∏µ‡∏¢,CLOSED,-0.2,-0.13
2026-03-02 14:04:19,‡∏ã‡∏∑‡πâ‡∏≠,0.2,6.33,üåç LONDON KILL ZONE (Active Volatility - ‡πÄ‡∏£‡∏¥‡πà‡∏°‡∏°‡∏µ‡πÄ‡∏ó‡∏£‡∏ô‡∏î‡πå ‡∏´‡∏≤‡∏à‡∏±‡∏á‡∏´‡∏ß‡∏∞‡πÄ‡∏ö‡∏£‡∏Å‡πÄ‡∏≠‡∏≤‡∏ó‡πå‡πÅ‡∏•‡∏∞ FVG),üî• TRENDING UP,Unavailable: No module named 'yfinance',üö® Buy-Side Liquidity Sweep (Stop Hunt M5) | RSI Overbought (>60.0) | üìâ Bearish Inducement Sweep | üíé Bullish PO3,0.02,81.78,81.78,5372.43,5372.43,5374.45,5396.1,1.5,0,"Thought Process: The current market price is 5387.11, and the ATR is 6.33. The RSI is overbought, indicating potential for a price pullback, but the presence of a bullish PO3 and a bullish order block suggests that there may still be upward momentum. The market is currently in the London Kill Zone, which is characterized by active volatility, making it a suitable time for scalping.   Calculating the SL and TP: - SL = 5387.11 - (2.0 * 6.33) = 5374.45 - TP = 5387.11 + (3.0 * 6.33) = 5396.10  Given the mixed signals from the technical indicators, the bullish context, and the current market regime trending upwards, I recommend a cautious approach to capitalize on potential upward movements while managing risk effectively.",Action: ‡∏ã‡∏∑‡πâ‡∏≠ Confidence: 70% Sentiment_Score: 0.2 SL: 5374.45 TP: 5396.10 Trailing_Stop: 1.5 Delay_Minutes: 0 Reason: ‡∏™‡∏ñ‡∏≤‡∏ô‡∏Å‡∏≤‡∏£‡∏ì‡πå‡∏ï‡∏•‡∏≤‡∏î‡∏õ‡∏±‡∏à‡∏à‡∏∏‡∏ö‡∏±‡∏ô‡πÅ‡∏™‡∏î‡∏á‡πÉ‡∏´‡πâ‡πÄ‡∏´‡πá‡∏ô‡∏ñ‡∏∂‡∏á‡πÅ‡∏£‡∏á‡∏Å‡∏î‡∏î‡∏±‡∏ô‡∏Ç‡∏≤‡∏Ç‡∏∂‡πâ‡∏ô ‡πÅ‡∏°‡πâ‡∏ß‡πà‡∏≤‡∏à‡∏∞‡∏°‡∏µ‡∏™‡∏±‡∏ç‡∏ç‡∏≤‡∏ì RSI ‡∏ó‡∏µ‡πà‡∏ö‡πà‡∏á‡∏ä‡∏µ‡πâ‡∏ß‡πà‡∏≤‡∏ï‡∏•‡∏≤‡∏î‡∏≠‡∏≤‡∏à‡∏à‡∏∞‡∏°‡∏µ‡∏Å‡∏≤‡∏£‡∏õ‡∏£‡∏±‡∏ö‡∏ê‡∏≤‡∏ô ‡πÅ‡∏ï‡πà‡∏Å‡∏≤‡∏£‡∏°‡∏µ PO3 ‡πÅ‡∏•‡∏∞‡πÇ‡∏ã‡∏ô‡∏ã‡∏∑‡πâ‡∏≠‡∏Ç‡∏≠‡∏á Smart Money ‡∏ä‡∏µ‡πâ‡πÉ‡∏´‡πâ‡πÄ‡∏´‡πá‡∏ô‡∏ñ‡∏∂‡∏á‡πÇ‡∏≠‡∏Å‡∏≤‡∏™‡πÉ‡∏ô‡∏Å‡∏≤‡∏£‡∏ó‡∏≥‡∏Å‡∏≥‡πÑ‡∏£‡πÉ‡∏ô‡∏ä‡πà‡∏ß‡∏á‡πÄ‡∏ß‡∏•‡∏≤‡∏ô‡∏µ‡πâ,CLOSED,16.42,1.0
2026-03-02 14:14:25,‡∏ã‡∏∑‡πâ‡∏≠,0.2,7.38,üåç LONDON KILL ZONE (Active Volatility - ‡πÄ‡∏£‡∏¥‡πà‡∏°‡∏°‡∏µ‡πÄ‡∏ó‡∏£‡∏ô‡∏î‡πå ‡∏´‡∏≤‡∏à‡∏±‡∏á‡∏´‡∏ß‡∏∞‡πÄ‡∏ö‡∏£‡∏Å‡πÄ‡∏≠‡∏≤‡∏ó‡πå‡πÅ‡∏•‡∏∞ FVG),üî• TRENDING UP,Unavailable: No module named 'yfinance',RSI Overbought (>60.0) | üíé Bullish PO3,0.02,88.82,88.82,5377.47,5377.47,5389.75,5427.65,1.5,0,"Thought Process: The current market price is 5404.51, and the ATR is 7.38, indicating a moderate level of volatility suitable for scalping. The RSI is overbought (>60.0), which typically suggests a potential reversal or pullback. However, the presence of a bullish PO3 and a bullish order block indicates strong buying interest. The calculated stop loss (SL) and take profit (TP) levels are as follows:  - SL = 5404.51 - (2.0 * 7.38) = 5389.75 - TP = 5404.51 + (3.0 * 7.38) = 5427.65  Given the current market regime is trending up and the London session is characterized by active volatility, this is a favorable environment for quick scalping trades. The geopolitical news regarding oil prices and Iran may also support gold prices as a safe haven.",Action: ‡∏ã‡∏∑‡πâ‡∏≠ Confidence: 80% Sentiment_Score: 0.2 SL: 5389.75 TP: 5427.65 Trailing_Stop: 1.5 Delay_Minutes: 0 Reason: ‡∏™‡∏ñ‡∏≤‡∏ô‡∏Å‡∏≤‡∏£‡∏ì‡πå‡∏ï‡∏•‡∏≤‡∏î‡∏õ‡∏±‡∏à‡∏à‡∏∏‡∏ö‡∏±‡∏ô‡πÅ‡∏™‡∏î‡∏á‡πÉ‡∏´‡πâ‡πÄ‡∏´‡πá‡∏ô‡∏ñ‡∏∂‡∏á‡πÅ‡∏£‡∏á‡∏ã‡∏∑‡πâ‡∏≠‡∏ó‡∏µ‡πà‡πÅ‡∏Ç‡πá‡∏á‡πÅ‡∏Å‡∏£‡πà‡∏á ‡πÅ‡∏°‡πâ‡∏ß‡πà‡∏≤ RSI ‡∏à‡∏∞‡∏≠‡∏¢‡∏π‡πà‡πÉ‡∏ô‡∏£‡∏∞‡∏î‡∏±‡∏ö‡∏ó‡∏µ‡πà‡∏™‡∏π‡∏á ‡πÅ‡∏ï‡πà‡∏Å‡∏≤‡∏£‡∏°‡∏µ PO3 ‡πÅ‡∏•‡∏∞‡πÇ‡∏ã‡∏ô‡∏ã‡∏∑‡πâ‡∏≠‡∏Ç‡∏≠‡∏á Smart Money ‡∏ä‡∏µ‡πâ‡πÉ‡∏´‡πâ‡πÄ‡∏´‡πá‡∏ô‡∏ñ‡∏∂‡∏á‡πÇ‡∏≠‡∏Å‡∏≤‡∏™‡πÉ‡∏ô‡∏Å‡∏≤‡∏£‡∏ó‡∏≥‡∏Å‡∏≥‡πÑ‡∏£‡πÉ‡∏ô‡∏ä‡πà‡∏ß‡∏á‡πÄ‡∏ß‡∏•‡∏≤‡∏ó‡∏µ‡πà‡∏°‡∏µ‡∏Ñ‡∏ß‡∏≤‡∏°‡∏ú‡∏±‡∏ô‡∏ú‡∏ß‡∏ô‡∏™‡∏π‡∏á‡πÉ‡∏ô‡πÄ‡∏ã‡∏™‡∏ä‡∏±‡∏ô‡∏•‡∏≠‡∏ô‡∏î‡∏≠‡∏ô,CLOSED,11.86,1.0
